{"dataset": "KITSUNE10", "k": 7, "sse": 3.3789221678481054e+37, "sse_hist": [[3, 1.0162377609211087e+38], [16, 1.0830501224555337e+37], [9, 2.5714840050688932e+37], [6, 4.5417887694614693e+37], [12, 1.6465451531485061e+37], [4, 7.8318187136794104e+37], [7, 3.3789221678481054e+37], [5, 6.0542034323046464e+37], [10, 2.2575696022114957e+37], [14, 1.3116204557128058e+37], [11, 1.930685485767983e+37]]}