{"dataset": "KITSUNE10", "k": 6, "sse": 4.3863438751988428e+37, "sse_hist": [[3, 1.0156467315052583e+38], [16, 1.1369307238628144e+37], [9, 2.4570349312176476e+37], [6, 4.3863438751988428e+37], [4, 7.5152300751157714e+37], [12, 1.9538280954209297e+37], [7, 3.9721273791887468e+37], [14, 1.4690369269539672e+37], [5, 6.046914441353334e+37], [8, 3.015053711317634e+37]]}