{"dataset": "Avila", "k": 0, "sse": 0, "sse_hist": [[2, 256232.40625], [3, 93170.890625], [4, 84376.796875], [5, 74284.2265625], [6, 68787.1171875], [7, 62238.70703125], [8, 62422.0625], [9, 53655.3984375], [10, 51561.43359375], [11, 50904.875], [12, 49013.828125], [13, 47485.59375], [14, 45161.4609375], [15, 41116.36328125], [16, 39770.34375], [17, 38315.51171875], [18, 38557.109375], [19, 36854.3984375], [20, 35204.97265625], [21, 34873.859375], [22, 34112.59765625], [23, 33355.98828125], [24, 32449.12109375]]}