{"dataset": "Avila", "k": 12, "sse": 45175.83203125, "sse_hist": [[5, 74456.34375], [24, 32448.330078125], [14, 44528.65234375], [9, 55372.8203125], [19, 36916.73828125], [7, 61246.6171875], [11, 53853.88671875], [6, 71625.9140625], [12, 45175.83203125], [16, 40532.5546875]]}