{"dataset": "Avila", "k": 12, "sse": 46992.16796875, "sse_hist": [[5, 73327.203125], [24, 33730.75], [14, 45594.578125], [9, 55349.6640625], [19, 37118.6171875], [7, 62972.21484375], [16, 39013.1875], [11, 53484.578125], [12, 46992.16796875], [15, 41647.6328125], [6, 69676.34375]]}