{"dataset": "KITSUNE10", "k": 0, "sse": 0, "sse_hist": [[2, 1.7323201985996971e+38], [3, 1.016239282101829e+38], [4, 7.5530684314121039e+37], [5, 5.5245724197461709e+37], [6, 4.358434265463738e+37], [7, 3.932243034823646e+37], [8, 3.0354915348848737e+37], [9, 2.5053220243514213e+37], [10, 2.3979441590783689e+37], [11, 2.2427076665744199e+37], [12, 1.9979706049172571e+37], [13, 1.5647942391747275e+37], [14, 1.4197092194424662e+37], [15, 1.1846491489373257e+37], [16, 1.1705014076484185e+37]]}