{"dataset": "KDD", "k": 0, "sse": 0, "sse_hist": [[2, 2.6498029568529531e+18], [3, 9.3387068208788275e+17], [4, 4.5908383158920806e+17], [5, 3.7469786034562662e+17], [6, 1.1605443156430029e+17], [7, 31668582727286784], [8, 18149674946920448], [9, 31937432647630848], [10, 7498190412578816], [11, 4728665577357312], [12, 2875024801267712], [13, 1715174385909760], [14, 3066827034853376], [15, 3113048667586560], [16, 2808713190572032], [17, 916128603832320], [18, 1552641146486784], [19, 1517026203926528], [20, 785284639752192], [21, 183472849158144], [22, 162279869906944], [23, 139114384982016], [24, 126575731277824], [25, 119741507174400], [26, 98301114318848], [27, 92669086793728], [28, 90034661228544], [29, 52608827916288], [30, 61467613200384], [31, 52501483094016], [32, 70775927209984], [33, 48340075020288], [34, 39294378967040], [35, 33715556188160], [36, 33695763267584], [37, 36419137437696], [38, 35798997008384], [39, 28155725217792], [40, 24967070613504], [41, 26358788915200], [42, 21046702899200], [43, 20882208587776], [44, 16314994262016], [45, 16790385065984], [46, 16224904806400]]}